{
  "L1_forget": {
    "n": 2500,
    "mean_log_ratio": 0.7543834371731895,
    "median_log_ratio": 0.7093052439541159,
    "std_log_ratio": 0.36506161642937807,
    "geo_mean_ratio": 2.126300121502464,
    "pct_up_10": 99.03999999999999,
    "pct_up_2x": 51.800000000000004,
    "pct_down_10": 0.0
  },
  "L2_locality_same_cluster": {
    "n": 5000,
    "mean_log_ratio": 0.3995195623300254,
    "median_log_ratio": 0.31281686397311204,
    "std_log_ratio": 0.31643495293995566,
    "geo_mean_ratio": 1.4911081410037086,
    "pct_up_10": 91.9,
    "pct_up_2x": 13.239999999999998,
    "pct_down_10": 0.0
  },
  "L3_cross_cluster_spillover": {
    "n": 122500,
    "mean_log_ratio": 0.24907246193951185,
    "median_log_ratio": 0.19882700936036532,
    "std_log_ratio": 0.2000005041648701,
    "geo_mean_ratio": 1.28283498641317,
    "pct_up_10": 80.26367346938775,
    "pct_up_2x": 3.5502040816326534,
    "pct_down_10": 0.0
  },
  "per_cluster": {
    "triplet_001": {
      "geo_L1_forget": 1.4411651236445606,
      "geo_L2_locality": 1.1680055688954214,
      "geo_L3_in": 1.3615884429477303,
      "geo_L3_out": 1.0859762411490435
    },
    "triplet_002": {
      "geo_L1_forget": 3.8283327949438464,
      "geo_L2_locality": 2.971462956692923,
      "geo_L3_in": 1.3775598785104193,
      "geo_L3_out": 1.649955400375513
    },
    "triplet_003": {
      "geo_L1_forget": 2.0804567853699014,
      "geo_L2_locality": 1.5109716666236923,
      "geo_L3_in": 1.3469061255553367,
      "geo_L3_out": 1.2207528888769905
    },
    "triplet_004": {
      "geo_L1_forget": 2.1291781960096876,
      "geo_L2_locality": 1.479269056122174,
      "geo_L3_in": 1.396199259621675,
      "geo_L3_out": 1.2132605072006042
    },
    "triplet_005": {
      "geo_L1_forget": 1.9174966252259722,
      "geo_L2_locality": 1.41824586772887,
      "geo_L3_in": 1.3465062780547468,
      "geo_L3_out": 1.1933303781274243
    },
    "triplet_011": {
      "geo_L1_forget": 1.4466161353495688,
      "geo_L2_locality": 1.1050228375242188,
      "geo_L3_in": 1.216306030595126,
      "geo_L3_out": 1.0760977868654555
    },
    "triplet_012": {
      "geo_L1_forget": 1.8928346232603728,
      "geo_L2_locality": 1.2759389194146658,
      "geo_L3_in": 1.2085715712154814,
      "geo_L3_out": 1.208679141391414
    },
    "triplet_013": {
      "geo_L1_forget": 1.8068841914759037,
      "geo_L2_locality": 1.269335827521733,
      "geo_L3_in": 1.2153775894150622,
      "geo_L3_out": 1.1853303888121285
    },
    "triplet_014": {
      "geo_L1_forget": 1.9319276430718169,
      "geo_L2_locality": 1.3710685496523658,
      "geo_L3_in": 1.2243007105699901,
      "geo_L3_out": 1.2530376799602487
    },
    "triplet_015": {
      "geo_L1_forget": 1.7511807196368594,
      "geo_L2_locality": 1.2375555225273722,
      "geo_L3_in": 1.2239178156436448,
      "geo_L3_out": 1.1959158825272824
    },
    "triplet_021": {
      "geo_L1_forget": 1.7065928021176417,
      "geo_L2_locality": 1.313915299735019,
      "geo_L3_in": 1.3231375834418244,
      "geo_L3_out": 1.2185351972562106
    },
    "triplet_022": {
      "geo_L1_forget": 2.0500652127344563,
      "geo_L2_locality": 1.5291429816552198,
      "geo_L3_in": 1.293400481252206,
      "geo_L3_out": 1.3502356180951423
    },
    "triplet_023": {
      "geo_L1_forget": 1.7973095551174358,
      "geo_L2_locality": 1.3332498691966643,
      "geo_L3_in": 1.330616172064333,
      "geo_L3_out": 1.213164247825956
    },
    "triplet_024": {
      "geo_L1_forget": 1.8469598500464814,
      "geo_L2_locality": 1.378064660467642,
      "geo_L3_in": 1.3153790923390556,
      "geo_L3_out": 1.258477018779259
    },
    "triplet_025": {
      "geo_L1_forget": 2.2539351885761296,
      "geo_L2_locality": 1.7381289803120032,
      "geo_L3_in": 1.3369089187970178,
      "geo_L3_out": 1.4664984519051412
    },
    "triplet_031": {
      "geo_L1_forget": 2.0305585040388254,
      "geo_L2_locality": 1.3894003119705995,
      "geo_L3_in": 1.234531720329096,
      "geo_L3_out": 1.2157263155689961
    },
    "triplet_032": {
      "geo_L1_forget": 1.8943769041079652,
      "geo_L2_locality": 1.3424518272717618,
      "geo_L3_in": 1.2731981218741435,
      "geo_L3_out": 1.1823201244790134
    },
    "triplet_033": {
      "geo_L1_forget": 2.002956747923951,
      "geo_L2_locality": 1.388930089233088,
      "geo_L3_in": 1.2738216617140092,
      "geo_L3_out": 1.1842275850503323
    },
    "triplet_034": {
      "geo_L1_forget": 2.817976125360762,
      "geo_L2_locality": 1.8233184901081172,
      "geo_L3_in": 1.2525025895037334,
      "geo_L3_out": 1.4414190569282552
    },
    "triplet_035": {
      "geo_L1_forget": 2.065668844403428,
      "geo_L2_locality": 1.3400523593114937,
      "geo_L3_in": 1.2679612676197516,
      "geo_L3_out": 1.1872614903468643
    },
    "triplet_041": {
      "geo_L1_forget": 1.985059569236049,
      "geo_L2_locality": 1.4171677481027156,
      "geo_L3_in": 1.3576953742167701,
      "geo_L3_out": 1.2350482844758723
    },
    "triplet_042": {
      "geo_L1_forget": 2.048314148851432,
      "geo_L2_locality": 1.4568822097431284,
      "geo_L3_in": 1.3502919674621443,
      "geo_L3_out": 1.2391859114507884
    },
    "triplet_043": {
      "geo_L1_forget": 1.9791201543499513,
      "geo_L2_locality": 1.4577869024547567,
      "geo_L3_in": 1.3303199429060595,
      "geo_L3_out": 1.2471209738757103
    },
    "triplet_044": {
      "geo_L1_forget": 3.4221339744104067,
      "geo_L2_locality": 2.5051210242196285,
      "geo_L3_in": 1.307814688183638,
      "geo_L3_out": 1.6415256357952508
    },
    "triplet_045": {
      "geo_L1_forget": 2.4214644644287495,
      "geo_L2_locality": 1.8327344335405145,
      "geo_L3_in": 1.4001928468289992,
      "geo_L3_out": 1.3945480106118096
    },
    "triplet_051": {
      "geo_L1_forget": 1.8589074167964585,
      "geo_L2_locality": 1.2886905254188572,
      "geo_L3_in": 1.2349924278725757,
      "geo_L3_out": 1.204209216742676
    },
    "triplet_052": {
      "geo_L1_forget": 2.3212339807580618,
      "geo_L2_locality": 1.3948518476056284,
      "geo_L3_in": 1.2287910334821772,
      "geo_L3_out": 1.334074693255461
    },
    "triplet_053": {
      "geo_L1_forget": 2.081105395291127,
      "geo_L2_locality": 1.354085240112717,
      "geo_L3_in": 1.2291625798693668,
      "geo_L3_out": 1.273295329438429
    },
    "triplet_054": {
      "geo_L1_forget": 2.1819397509048324,
      "geo_L2_locality": 1.4056843411755398,
      "geo_L3_in": 1.2432607252443029,
      "geo_L3_out": 1.3171804293017344
    },
    "triplet_055": {
      "geo_L1_forget": 2.2819699190292213,
      "geo_L2_locality": 1.4333794003597011,
      "geo_L3_in": 1.215207788566986,
      "geo_L3_out": 1.3565089760179805
    },
    "triplet_061": {
      "geo_L1_forget": 1.813031737203198,
      "geo_L2_locality": 1.2104104068088588,
      "geo_L3_in": 1.256771374125105,
      "geo_L3_out": 1.1880003997773037
    },
    "triplet_062": {
      "geo_L1_forget": 1.8502244583292395,
      "geo_L2_locality": 1.2279312137386122,
      "geo_L3_in": 1.251612045756383,
      "geo_L3_out": 1.2033949287297807
    },
    "triplet_063": {
      "geo_L1_forget": 1.8070374042608097,
      "geo_L2_locality": 1.1942885168981594,
      "geo_L3_in": 1.2485764825834775,
      "geo_L3_out": 1.168077137212042
    },
    "triplet_064": {
      "geo_L1_forget": 2.4120020388554635,
      "geo_L2_locality": 1.4653912977830608,
      "geo_L3_in": 1.2419164303005035,
      "geo_L3_out": 1.4385119528615617
    },
    "triplet_065": {
      "geo_L1_forget": 1.8127591668942482,
      "geo_L2_locality": 1.2075947224100512,
      "geo_L3_in": 1.2354279873351803,
      "geo_L3_out": 1.196539559430214
    },
    "triplet_071": {
      "geo_L1_forget": 2.437174958966836,
      "geo_L2_locality": 1.781702975769175,
      "geo_L3_in": 1.3665197403968075,
      "geo_L3_out": 1.2919380440165058
    },
    "triplet_072": {
      "geo_L1_forget": 3.783366295888635,