{
  "n_rows": 5000,
  "n_features": 16,
  "features": [
    "same_cluster",
    "cos_sim_to_centroid",
    "cos_sim_to_nearest",
    "cos_sim_top3_mean",
    "cos_sim_top5_mean",
    "cos_sim_mean",
    "cos_sim_std",
    "eucl_to_centroid",
    "eucl_to_nearest",
    "proj_on_centroid",
    "angle_to_centroid_deg",
    "forget_emb_variance_mean",
    "forget_mean_pairwise_similarity",
    "forget_centroid_norm",
    "forget_spread",
    "target_emb_norm"
  ],
  "scores": {
    "mean_baseline": {
      "r2": -0.012669119224576919,
      "mae": 0.09165874299710469,
      "rmse": 0.12009961356540738
    },
    "ridge": {
      "r2": 0.16909389812607756,
      "mae": 0.08192568862756971,
      "rmse": 0.1087887034513621
    },
    "gradient_boosting": {
      "r2": 0.36619941361777353,
      "mae": 0.07060412199880677,
      "rmse": 0.0950132437246209
    },
    "random_forest_all": {
      "r2": 0.2836823775963526,
      "mae": 0.07405711102577703,
      "rmse": 0.10100913324727871
    },
    "random_forest_L3_only": {
      "r2": 0.24743129000424668,
      "mae": 0.0678860241495323,
      "rmse": 0.09101266441491822
    }
  },
  "feature_importance": {
    "forget_mean_pairwise_similarity": 0.09728413592295779,
    "cos_sim_mean": 0.0941327267512285,
    "forget_centroid_norm": 0.09260985542651949,
    "forget_emb_variance_mean": 0.08642422130381698,
    "cos_sim_top5_mean": 0.08579789413165638,
    "cos_sim_std": 0.07725618614544891,
    "eucl_to_centroid": 0.07637716584068684,
    "cos_sim_top3_mean": 0.06617070651599549,
    "forget_spread": 0.06468818100116447,
    "eucl_to_nearest": 0.05413259619968363,
    "cos_sim_to_nearest": 0.0539637847697936,
    "angle_to_centroid_deg": 0.04827230496892648,
    "proj_on_centroid": 0.04720519459111698,
    "cos_sim_to_centroid": 0.04639551299254857,
    "target_emb_norm": 0.008994545938852724,
    "same_cluster": 0.00029498749960323744
  }
}