{
  "L1_forget": {
    "n": 500,
    "mean_log_ratio": 0.7011101107415327,
    "median_log_ratio": 0.6835084858552178,
    "std_log_ratio": 0.23186837675848473,
    "geo_mean_ratio": 2.015989437261011,
    "pct_up_10": 100.0,
    "pct_up_2x": 47.4,
    "pct_down_10": 0.0
  },
  "L2_locality_same_cluster": {
    "n": 1000,
    "mean_log_ratio": 0.28495521352013653,
    "median_log_ratio": 0.25035931021817737,
    "std_log_ratio": 0.16196449639606372,
    "geo_mean_ratio": 1.3297024740947956,
    "pct_up_10": 92.9,
    "pct_up_2x": 2.0,
    "pct_down_10": 0.0
  },
  "L3_cross_cluster_spillover": {
    "n": 4500,
    "mean_log_ratio": 0.1627904944328655,
    "median_log_ratio": 0.14799215085968886,
    "std_log_ratio": 0.09474433604263392,
    "geo_mean_ratio": 1.176790119779042,
    "pct_up_10": 74.15555555555555,
    "pct_up_2x": 0.0,
    "pct_down_10": 0.0
  },
  "per_cluster": {
    "triplet_001": {
      "geo_L1_forget": 2.271908054671672,
      "geo_L2_locality": 1.4308140979862107,
      "geo_L3_in": 1.2194366827172662,
      "geo_L3_out": 1.1685061241447245
    },
    "triplet_011": {
      "geo_L1_forget": 2.0091984630703434,
      "geo_L2_locality": 1.2457442643670869,
      "geo_L3_in": 1.134146401467822,
      "geo_L3_out": 1.14324420339114
    },
    "triplet_021": {
      "geo_L1_forget": 1.7665619725455393,
      "geo_L2_locality": 1.2975824796216104,
      "geo_L3_in": 1.2082830924978336,
      "geo_L3_out": 1.1804649069477056
    },
    "triplet_031": {
      "geo_L1_forget": 2.2004211262241884,
      "geo_L2_locality": 1.4214142071703328,
      "geo_L3_in": 1.1458497922447255,
      "geo_L3_out": 1.1997727922205406
    },
    "triplet_041": {
      "geo_L1_forget": 2.1229220705882503,
      "geo_L2_locality": 1.3885087073241988,
      "geo_L3_in": 1.217033526266704,
      "geo_L3_out": 1.1860794755239967
    },
    "triplet_051": {
      "geo_L1_forget": 1.858116822300236,
      "geo_L2_locality": 1.2370376444500966,
      "geo_L3_in": 1.1573970953636281,
      "geo_L3_out": 1.1536520248258924
    },
    "triplet_061": {
      "geo_L1_forget": 2.0338651040358413,
      "geo_L2_locality": 1.2166332223185923,
      "geo_L3_in": 1.1676254260866485,
      "geo_L3_out": 1.1896545725954029
    },
    "triplet_071": {
      "geo_L1_forget": 2.1648653601837493,
      "geo_L2_locality": 1.6227920493758228,
      "geo_L3_in": 1.2069687765155166,
      "geo_L3_out": 1.2080680449865662
    },
    "triplet_081": {
      "geo_L1_forget": 1.8393911457979408,
      "geo_L2_locality": 1.239186390162618,
      "geo_L3_in": 1.1621474571164934,
      "geo_L3_out": 1.1851178375411133
    },
    "triplet_091": {
      "geo_L1_forget": 1.9561405491931596,
      "geo_L2_locality": 1.2507955724066389,
      "geo_L3_in": 1.152974297173012,
      "geo_L3_out": 1.155062835009937
    }
  },
  "locality_multiplier_self_over_cross": 1.132508041885605,
  "geo_self_test": 1.3327242742612895,
  "geo_cross_test": 1.176790119779042
}